{"cameraMode":{"drawMode":2,"name":"Shaded Wireframe","section":"Shading Mode"},"sceneLighting":true,"audioPlay":false,"sceneViewState":{"showFog":true,"showMaterialUpdate":false,"showSkybox":true,"showFlares":true,"showImageEffects":true,"showParticleSystems":true},"in2DMode":false,"pivot":{"x":-0.05935025215148926,"y":0.13789880275726319,"z":0.10139429569244385},"rotation":{"x":0.15314002335071565,"y":-0.5935060977935791,"z":0.1163010448217392,"w":0.781531035900116},"size":8.019963264465332,"orthographic":false}